﻿Designator,Footprint,Quantity,Value,LCSC Part #
"C1, C10, C11, C13, C14, C15, C2, C3, C4, C5, C6, C8, C9",C_Rect_L7.0mm_W2.0mm_P5.00mm,13,100nF,
"C12, C7",CP_Radial_D5.0mm_P2.50mm,2,1uF,
D1,D_DO-15_P15.24mm_Horizontal,1,1N4002,
D2,LED_D3.0mm_Clear,1,LED,
J1,PinHeader_1x32_P2.54mm_Vertical,1,Conn_01x32_Pin,
J2,BarrelJack_CUI_PJ-063AH_Horizontal,1,Barrel_Jack,
J3,DSUB-9_Socket_Horizontal_P2.77x2.84mm_EdgePinOffset7.70mm_Housed_MountingHolesOffset9.12mm,1,DE9_Socket,
"JP1, JP3, JP5",PinHeader_1x02_P2.54mm_Vertical,3,Jumper_2_Bridged,
R1,R_Axial_DIN0207_L6.3mm_D2.5mm_P2.54mm_Vertical,1,1K,
R2,R_Axial_DIN0207_L6.3mm_D2.5mm_P2.54mm_Vertical,1,3K9,
"R3, R4",R_Axial_DIN0207_L6.3mm_D2.5mm_P2.54mm_Vertical,2,10k,
SW1,SW_PUSH-12mm,1,SW_Push,
U1,DIP-14_W7.62mm,1,74HC14,
U2,DIP-40_W15.24mm_LongPads,1,Z80CPU,
U3,DIP-32_W15.24mm,1,AS6C1008-xxP,
U4,DIP-28_W15.24mm,1,27C512,
U5,DIP-40_W15.24mm,1,ATmega16A-P,
U6,DIP-40_W15.24mm_LongPads,1,Z80_SIO,
U7,DIP-16_W7.62mm,1,MAX232,
Y1,Oscillator_DIP-8,1,CXO_DIP8,
